{"id": "bi63-dtpu", "name": "NCHS - Leading Causes of Death: United States", "attribution": "National Center for Health Statistics", "averageRating": 0, "category": "NCHS", "createdAt": 1449080633, "description": "This dataset presents the age-adjusted death rates for the 10 leading causes of death in the United States beginning in 1999.\r\n\r\nData are based on information from all resident death certificates filed in the 50 states and the District of Columbia using demographic and medical characteristics. Age-adjusted death rates (per 100,000 population) are based on the 2000 U.S. standard population. Populations used for computing death rates after 2010 are postcensal estimates based on the 2010 census, estimated as of July 1, 2010. Rates for census years are based on populations enumerated in the corresponding censuses. Rates for non-census years before 2010 are revised using updated intercensal population estimates and may differ from rates previously published.\r\n\r\nCauses of death classified by the International Classification of Diseases, Tenth Revision (ICD\u201310) are ranked according to the number of deaths assigned to rankable causes. Cause of death statistics are based on the underlying cause of death.\r\n\r\nSOURCES\r\nCDC/NCHS, National Vital Statistics System, mortality data (see http://www.cdc.gov/nchs/deaths.htm); and CDC WONDER (see http://wonder.cdc.gov).\r\n\r\nREFERENCES\r\n\r\n1. National Center for Health Statistics. Vital statistics data available. Mortality multiple cause files. Hyattsville, MD: National Center for Health Statistics. Available from: https://www.cdc.gov/nchs/data_access/vitalstatsonline.htm.\r\n\r\n2. Murphy SL, Xu JQ, Kochanek KD, Curtin SC, and Arias E. Deaths: Final data for 2015. National vital statistics reports; vol 66. no. 6. Hyattsville, MD: National Center for Health Statistics. 2017. Available from: https://www.cdc.gov/nchs/data/nvsr/nvsr66/nvsr66_06.pdf.", "displayType": "table", "downloadCount": 111410, "hideFromCatalog": false, "hideFromDataJson": false, "indexUpdatedAt": 1534786118, "licenseId": "PUBLIC_DOMAIN", "newBackend": true, "numberOfComments": 0, "oid": 26650094, "provenance": "official", "publicationAppendEnabled": false, "publicationDate": 1503517561, "publicationGroup": 5829091, "publicationStage": "published", "rowClass": "", "rowsUpdatedAt": 1571926785, "rowsUpdatedBy": "xfvr-ns68", "tableId": 14417583, "totalTimesRated": 0, "viewCount": 42707, "viewLastModified": 1571926783, "viewType": "tabular", "approvals": [{"reviewedAt": 1503517561, "reviewedAutomatically": true, "state": "approved", "submissionId": 740894, "submissionObject": "public_audience_request", "submissionOutcome": "change_audience", "submittedAt": 1503517561, "workflowId": 2100, "submissionDetails": {"permissionType": "READ"}, "submissionOutcomeApplication": {"failureCount": 0, "status": "success"}, "submitter": {"id": "ki96-txhe", "displayName": "NCHS"}}], "columns": [{"id": 317117533, "name": "Year", "dataTypeName": "number", "description": "", "fieldName": "year", "position": 1, "renderTypeName": "number", "tableColumnId": 33023980, "width": 148, "cachedContents": {"largest": "2017", "non_null": 10296, "average": "2007.5", "null": "0", "top": [{"item": "2014", "count": "572"}, {"item": "1999", "count": "572"}, {"item": "2005", "count": "572"}, {"item": "2016", "count": "572"}, {"item": "2009", "count": "572"}, {"item": "2002", "count": "572"}, {"item": "2006", "count": "572"}, {"item": "2013", "count": "572"}, {"item": "2007", "count": "572"}, {"item": "2017", "count": "572"}, {"item": "2003", "count": "572"}, {"item": "2008", "count": "572"}, {"item": "2011", "count": "572"}, {"item": "2015", "count": "572"}, {"item": "2001", "count": "572"}, {"item": "2010", "count": "572"}, {"item": "2000", "count": "572"}, {"item": "2012", "count": "572"}, {"item": "2004", "count": "572"}], "smallest": "1999", "not_null": "10868", "sum": "20669220", "cardinality": "19"}, "format": {"precisionStyle": "standard", "noCommas": "true", "align": "right"}}, {"id": 317117534, "name": "113 Cause Name", "dataTypeName": "text", "description": "", "fieldName": "_113_cause_name", "position": 2, "renderTypeName": "text", "tableColumnId": 33023981, "width": 268, "cachedContents": {"largest": "Nephritis, nephrotic syndrome and nephrosis (N00-N07,N17-N19,N25-N27)", "non_null": 10296, "null": "0", "top": [{"item": "Chronic lower respiratory diseases (J40-J47)", "count": "988"}, {"item": "Accidents (unintentional injuries) (V01-X59,Y85-Y86)", "count": "988"}, {"item": "Diseases of heart (I00-I09,I11,I13,I20-I51)", "count": "988"}, {"item": "Nephritis, nephrotic syndrome and nephrosis (N00-N07,N17-N19,N25-N27)", "count": "988"}, {"item": "Alzheimer's disease (G30)", "count": "988"}, {"item": "Malignant neoplasms (C00-C97)", "count": "988"}, {"item": "Cerebrovascular diseases (I60-I69)", "count": "988"}, {"item": "All Causes", "count": "988"}, {"item": "Diabetes mellitus (E10-E14)", "count": "988"}, {"item": "Influenza and pneumonia (J09-J18)", "count": "988"}, {"item": "Intentional self-harm (suicide) (*U03,X60-X84,Y87.0)", "count": "988"}], "smallest": "Accidents (unintentional injuries) (V01-X59,Y85-Y86)", "not_null": "10868", "cardinality": "11"}, "format": {"displayStyle": "plain", "align": "left"}}, {"id": 317117535, "name": "Cause Name", "dataTypeName": "text", "description": "", "fieldName": "cause_name", "position": 3, "renderTypeName": "text", "tableColumnId": 33023982, "width": 220, "cachedContents": {"largest": "Unintentional injuries", "non_null": 10296, "null": "0", "top": [{"item": "Influenza and pneumonia", "count": "988"}, {"item": "Kidney disease", "count": "988"}, {"item": "Stroke", "count": "988"}, {"item": "CLRD", "count": "988"}, {"item": "Suicide", "count": "988"}, {"item": "Cancer", "count": "988"}, {"item": "All causes", "count": "988"}, {"item": "Unintentional injuries", "count": "988"}, {"item": "Heart disease", "count": "988"}, {"item": "Alzheimer's disease", "count": "988"}, {"item": "Diabetes", "count": "988"}], "smallest": "All causes", "not_null": "10868", "cardinality": "11"}, "format": {"displayStyle": "plain", "align": "left"}}, {"id": 317117536, "name": "State", "dataTypeName": "text", "description": "", "fieldName": "state", "position": 4, "renderTypeName": "text", "tableColumnId": 33023983, "width": 160, "cachedContents": {"largest": "Wyoming", "non_null": 10296, "null": "0", "top": [{"item": "Alabama", "count": "209"}, {"item": "Indiana", "count": "209"}, {"item": "Minnesota", "count": "209"}, {"item": "Louisiana", "count": "209"}, {"item": "South Carolina", "count": "209"}, {"item": "California", "count": "209"}, {"item": "New Mexico", "count": "209"}, {"item": "New Hampshire", "count": "209"}, {"item": "Connecticut", "count": "209"}, {"item": "Alaska", "count": "209"}, {"item": "Nevada", "count": "209"}, {"item": "Oklahoma", "count": "209"}, {"item": "Idaho", "count": "209"}, {"item": "Maryland", "count": "209"}, {"item": "Ohio", "count": "209"}, {"item": "Delaware", "count": "209"}, {"item": "Florida", "count": "209"}, {"item": "Maine", "count": "209"}, {"item": "Illinois", "count": "209"}, {"item": "Montana", "count": "209"}], "smallest": "Alabama", "not_null": "10868", "cardinality": "52"}, "format": {"displayStyle": "plain", "align": "left"}}, {"id": 317117537, "name": "Deaths", "dataTypeName": "number", "description": "", "fieldName": "deaths", "position": 5, "renderTypeName": "number", "tableColumnId": 33023984, "width": 172, "cachedContents": {"largest": "2813503", "non_null": 10296, "average": "15326.67667055167", "null": "0", "top": [{"item": "343", "count": "15"}, {"item": "265", "count": "12"}, {"item": "308", "count": "11"}, {"item": "86", "count": "11"}, {"item": "189", "count": "11"}, {"item": "393", "count": "11"}, {"item": "260", "count": "10"}, {"item": "353", "count": "10"}, {"item": "105", "count": "10"}, {"item": "294", "count": "10"}, {"item": "175", "count": "10"}, {"item": "252", "count": "10"}, {"item": "112", "count": "10"}, {"item": "376", "count": "10"}, {"item": "458", "count": "10"}, {"item": "727", "count": "10"}, {"item": "204", "count": "10"}, {"item": "133", "count": "10"}, {"item": "129", "count": "10"}, {"item": "630", "count": "10"}], "smallest": "21", "not_null": "10868", "sum": "157803463", "cardinality": "5964"}, "format": {"precisionStyle": "standard", "noCommas": "false", "align": "right"}}, {"id": 317117538, "name": "Age-adjusted Death Rate", "dataTypeName": "number", "description": "", "fieldName": "aadr", "position": 6, "renderTypeName": "number", "tableColumnId": 33023985, "width": 148, "cachedContents": {"largest": "1087.3", "non_null": 10296, "average": "128.0264277389277", "null": "0", "top": [{"item": "19.2", "count": "40"}, {"item": "19.8", "count": "37"}, {"item": "14.5", "count": "35"}, {"item": "11.2", "count": "35"}, {"item": "20.3", "count": "34"}, {"item": "18.7", "count": "34"}, {"item": "19.7", "count": "34"}, {"item": "22.6", "count": "34"}, {"item": "12.5", "count": "33"}, {"item": "17.1", "count": "33"}, {"item": "24.6", "count": "32"}, {"item": "13.9", "count": "32"}, {"item": "13.1", "count": "32"}, {"item": "20.0", "count": "32"}, {"item": "19.6", "count": "31"}, {"item": "15.5", "count": "31"}, {"item": "15.7", "count": "31"}, {"item": "22.1", "count": "31"}, {"item": "14.0", "count": "31"}, {"item": "21.5", "count": "31"}], "smallest": "2.6", "not_null": "10868", "sum": "1318160.1", "cardinality": "2490"}, "format": {"precisionStyle": "standard", "noCommas": "false", "precision": "1", "align": "right"}}], "grants": [{"inherited": false, "type": "viewer", "flags": ["public"]}], "license": {"name": "Public Domain"}, "metadata": {"rdfSubject": "0", "rdfClass": "", "jsonQuery": {"order": [{"columnFieldName": "aadr", "ascending": true}]}, "custom_fields": {"Common Core": {"Contact Email": "nchsdata@cdc.gov", "Contact Name": "National Center for Health Statistics", "Program Code": "009:020", "Publisher": "National Center for Health Statistics", "Bureau Code": "009:00"}}, "rowLabel": "Row", "availableDisplayTypes": ["table", "fatrow", "page"], "renderTypeConfig": {"visible": {"table": true}}}, "owner": {"id": "ki96-txhe", "displayName": "NCHS", "profileImageUrlLarge": "/api/users/ki96-txhe/profile_images/LARGE", "profileImageUrlMedium": "/api/users/ki96-txhe/profile_images/THUMB", "profileImageUrlSmall": "/api/users/ki96-txhe/profile_images/TINY", "screenName": "NCHS", "type": "interactive", "userSegment": "site_member", "flags": ["acceptedEula", "mayBeStoriesCoOwner"]}, "query": {"orderBys": [{"ascending": true, "expression": {"columnId": 317117538, "type": "column"}}]}, "rights": ["read"], "tableAuthor": {"id": "ki96-txhe", "displayName": "NCHS", "profileImageUrlLarge": "/api/users/ki96-txhe/profile_images/LARGE", "profileImageUrlMedium": "/api/users/ki96-txhe/profile_images/THUMB", "profileImageUrlSmall": "/api/users/ki96-txhe/profile_images/TINY", "screenName": "NCHS", "type": "interactive", "userSegment": "site_member", "flags": ["acceptedEula", "mayBeStoriesCoOwner"]}, "tags": ["leading causes of death", "mortality", "state", "united states", "nchs"], "flags": ["default", "restorable", "restorePossibleForType"]}