{"id": "vdpk-qzpr", "name": "NCHS - Potentially Excess Deaths from the Five Leading Causes of Death", "attribution": "National Center for Health Statistics", "attributionLink": "https://www.cdc.gov/nchs/data-visualization/potentially-excess-deaths/", "averageRating": 0, "category": "NCHS", "createdAt": 1484843108, "description": "MMWR Surveillance Summary 66 (No. SS-1):1-8 found that nonmetropolitan areas have significant numbers of potentially excess deaths from the five leading causes of death. These figures accompany this report by presenting information on potentially excess deaths in nonmetropolitan and metropolitan areas at the state level. They also add additional years of data and options for selecting different age ranges and benchmarks.\r\n\r\nPotentially excess deaths are defined in MMWR Surveillance Summary 66(No. SS-1):1-8 as deaths that exceed the numbers that would be expected if the death rates of states with the lowest rates (benchmarks) occurred across all states. They are calculated by subtracting expected deaths for specific benchmarks from observed deaths.\r\n\r\nNot all potentially excess deaths can be prevented; some areas might have characteristics that predispose them to higher rates of death. However, many potentially excess deaths might represent deaths that could be prevented through improved public health programs that support healthier behaviors and neighborhoods or better access to health care services.\r\n\r\nMortality data for U.S. residents come from the National Vital Statistics System. Estimates based on fewer than 10 observed deaths are not shown and shaded yellow on the map.\r\n\r\nUnderlying cause of death is based on the International Classification of Diseases, 10th Revision (ICD-10)\r\n\r\nHeart disease (I00-I09, I11, I13, and I20\u2013I51)\r\nCancer (C00\u2013C97)\r\nUnintentional injury (V01\u2013X59 and Y85\u2013Y86)\r\nChronic lower respiratory disease (J40\u2013J47)\r\nStroke (I60\u2013I69)\r\nLocality (nonmetropolitan vs. metropolitan) is based on the Office of Management and Budget\u2019s 2013 county-based classification scheme.\r\n\r\nBenchmarks are based on the three states with the lowest age and cause-specific mortality rates.\r\n\r\nPotentially excess deaths for each state are calculated by subtracting deaths at the benchmark rates (expected deaths) from observed deaths.\r\n\r\nUsers can explore three benchmarks:\r\n\r\n\u201c2010 Fixed\u201d is a fixed benchmark based on the best performing States in 2010.\r\n\u201c2005 Fixed\u201d is a fixed benchmark based on the best performing States in 2005.\r\n\u201cFloating\u201d is based on the best performing States in each year so change from year to year.\r\n \r\nSOURCES\r\n\r\nCDC/NCHS, National Vital Statistics System, mortality data (see http://www.cdc.gov/nchs/deaths.htm); and CDC WONDER (see http://wonder.cdc.gov).\r\n\r\nREFERENCES \r\n\r\n1. Moy E, Garcia MC, Bastian B, Rossen LM, Ingram DD, Faul M, Massetti GM, Thomas CC, Hong Y, Yoon PW, Iademarco MF. Leading Causes of Death in Nonmetropolitan and Metropolitan Areas \u2013 United States, 1999-2014. MMWR Surveillance Summary 2017; 66(No. SS-1):1-8.\r\n\r\n2. Garcia MC, Faul M, Massetti G, Thomas CC, Hong Y, Bauer UE, Iademarco MF. Reducing Potentially Excess Deaths from the Five Leading Causes of Death in the Rural United States. MMWR Surveillance Summary 2017; 66(No. SS-2):1\u20137.", "displayType": "table", "downloadCount": 11465, "hideFromCatalog": false, "hideFromDataJson": false, "indexUpdatedAt": 1528116945, "licenseId": "PUBLIC_DOMAIN", "newBackend": true, "numberOfComments": 0, "oid": 26593926, "provenance": "official", "publicationAppendEnabled": false, "publicationDate": 1502809192, "publicationGroup": 14001205, "publicationStage": "published", "rowClass": "", "rowsUpdatedAt": 1502809135, "rowsUpdatedBy": "ki96-txhe", "tableId": 14400789, "totalTimesRated": 0, "viewCount": 3325, "viewLastModified": 1528116929, "viewType": "tabular", "approvals": [{"reviewedAt": 1502809192, "reviewedAutomatically": true, "state": "approved", "submissionId": 740866, "submissionObject": "public_audience_request", "submissionOutcome": "change_audience", "submittedAt": 1502809192, "workflowId": 2100, "submissionDetails": {"permissionType": "READ"}, "submissionOutcomeApplication": {"failureCount": 0, "status": "success"}, "submitter": {"id": "ki96-txhe", "displayName": "NCHS"}}], "columns": [{"id": 315814987, "name": "Year", "dataTypeName": "text", "fieldName": "year", "position": 1, "renderTypeName": "text", "tableColumnId": 42769112, "width": 148, "cachedContents": {"largest": "2015", "non_null": 205920, "null": 0, "top": [{"item": "2005", "count": 20}, {"item": "2006", "count": 19}, {"item": "2007", "count": 18}, {"item": "2008", "count": 17}, {"item": "2009", "count": 16}, {"item": "2010", "count": 15}, {"item": "2011", "count": 14}, {"item": "2012", "count": 13}, {"item": "2013", "count": 12}, {"item": "2014", "count": 11}, {"item": "2015", "count": 10}], "smallest": "2005"}, "format": {}}, {"id": 315814988, "name": "Cause of Death", "dataTypeName": "text", "fieldName": "cause_of_death", "position": 2, "renderTypeName": "text", "tableColumnId": 42769116, "width": 268, "cachedContents": {"largest": "Unintentional Injury", "non_null": 205920, "null": 0, "top": [{"item": "Cancer", "count": 20}, {"item": "Chronic Lower Respiratory Disease", "count": 19}, {"item": "Stroke", "count": 18}, {"item": "Heart Disease", "count": 17}, {"item": "Unintentional Injury", "count": 16}], "smallest": "Cancer"}, "format": {}}, {"id": 315814989, "name": "State", "dataTypeName": "text", "fieldName": "state", "position": 3, "renderTypeName": "text", "tableColumnId": 42769124, "width": 160, "cachedContents": {"largest": "Wyoming", "non_null": 205920, "null": 0, "top": [{"item": "Illinois", "count": 20}, {"item": "Indiana", "count": 19}, {"item": "Iowa", "count": 18}, {"item": "Kansas", "count": 17}, {"item": "Kentucky", "count": 16}, {"item": "Louisiana", "count": 15}, {"item": "Maine", "count": 14}, {"item": "Maryland", "count": 13}, {"item": "Massachusetts", "count": 12}, {"item": "Michigan", "count": 11}, {"item": "Minnesota", "count": 10}, {"item": "Mississippi", "count": 9}, {"item": "Missouri", "count": 8}, {"item": "Montana", "count": 7}, {"item": "Nebraska", "count": 6}, {"item": "Nevada", "count": 5}, {"item": "New Hampshire", "count": 4}, {"item": "New Jersey", "count": 3}, {"item": "New Mexico", "count": 2}, {"item": "New York", "count": 1}], "smallest": "Alabama"}, "format": {}}, {"id": 315814990, "name": "State FIPS Code", "dataTypeName": "text", "fieldName": "state_fips_code", "position": 4, "renderTypeName": "text", "tableColumnId": 42769142, "width": 280, "cachedContents": {"largest": "WY", "non_null": 205920, "null": 0, "top": [{"item": "IL", "count": 20}, {"item": "IN", "count": 19}, {"item": "IA", "count": 18}, {"item": "KS", "count": 17}, {"item": "KY", "count": 16}, {"item": "LA", "count": 15}, {"item": "ME", "count": 14}, {"item": "MD", "count": 13}, {"item": "MA", "count": 12}, {"item": "MI", "count": 11}, {"item": "MN", "count": 10}, {"item": "MS", "count": 9}, {"item": "MO", "count": 8}, {"item": "MT", "count": 7}, {"item": "NE", "count": 6}, {"item": "NV", "count": 5}, {"item": "NH", "count": 4}, {"item": "NJ", "count": 3}, {"item": "NM", "count": 2}, {"item": "NY", "count": 1}], "smallest": "0"}, "format": {}}, {"id": 315814991, "name": "HHS Region", "dataTypeName": "number", "fieldName": "hhs_region", "position": 5, "renderTypeName": "number", "tableColumnId": 42769156, "width": 220, "cachedContents": {"largest": "10", "non_null": 205920, "average": "5.230769230769231", "null": 0, "top": [{"item": "4", "count": 20}, {"item": "10", "count": 19}, {"item": "9", "count": 18}, {"item": "6", "count": 17}, {"item": "8", "count": 16}, {"item": "1", "count": 15}, {"item": "3", "count": 14}, {"item": "5", "count": 13}, {"item": "7", "count": 12}, {"item": "2", "count": 11}, {"item": "0", "count": 10}], "smallest": "0", "sum": "1077120"}, "format": {}}, {"id": 315814992, "name": "Age Range", "dataTypeName": "text", "fieldName": "age_range", "position": 6, "renderTypeName": "text", "tableColumnId": 42769157, "width": 208, "cachedContents": {"largest": "0-84", "non_null": 205920, "null": 0, "top": [{"item": "0-49", "count": 20}, {"item": "0-54", "count": 19}, {"item": "0-59", "count": 18}, {"item": "0-64", "count": 17}, {"item": "0-69", "count": 16}, {"item": "0-74", "count": 15}, {"item": "0-79", "count": 14}, {"item": "0-84", "count": 13}], "smallest": "0-49"}, "format": {}}, {"id": 315814993, "name": "Benchmark", "dataTypeName": "text", "fieldName": "benchmark", "position": 7, "renderTypeName": "text", "tableColumnId": 42769160, "width": 208, "cachedContents": {"largest": "Floating", "non_null": 205920, "null": 0, "top": [{"item": "2005 Fixed", "count": 20}, {"item": "2010 Fixed", "count": 19}, {"item": "Floating", "count": 18}], "smallest": "2005 Fixed"}, "format": {}}, {"id": 315814994, "name": "Locality", "dataTypeName": "text", "fieldName": "locality", "position": 8, "renderTypeName": "text", "tableColumnId": 42769161, "width": 196, "cachedContents": {"largest": "Nonmetropolitan", "non_null": 205920, "null": 0, "top": [{"item": "All", "count": 20}, {"item": "Metropolitan", "count": 19}, {"item": "Nonmetropolitan", "count": 18}], "smallest": "All"}, "format": {}}, {"id": 315814995, "name": "Observed Deaths", "dataTypeName": "number", "fieldName": "observed_deaths", "position": 9, "renderTypeName": "number", "tableColumnId": 42769163, "width": 280, "cachedContents": {"largest": "493526", "non_null": 195708, "average": "2974.568489790913", "null": 10212, "top": [{"item": "1855", "count": 20}, {"item": "1358", "count": 19}, {"item": "497", "count": 18}, {"item": "2049", "count": 17}, {"item": "1488", "count": 16}, {"item": "561", "count": 15}, {"item": "2316", "count": 14}, {"item": "1670", "count": 13}, {"item": "646", "count": 12}, {"item": "186", "count": 11}, {"item": "49", "count": 10}, {"item": "137", "count": 9}, {"item": "213", "count": 8}, {"item": "57", "count": 7}, {"item": "156", "count": 6}, {"item": "68", "count": 5}, {"item": "182", "count": 4}, {"item": "250", "count": 3}, {"item": "282", "count": 2}, {"item": "75", "count": 1}], "smallest": "10", "sum": "582146850"}, "format": {}}, {"id": 315814996, "name": "Population", "dataTypeName": "number", "fieldName": "population", "position": 10, "renderTypeName": "number", "tableColumnId": 42769166, "width": 220, "cachedContents": {"largest": "315131659", "non_null": 200640, "average": "7008420.694677033", "null": 5280, "top": [{"item": "5167226", "count": 20}, {"item": "3862512", "count": 19}, {"item": "1304714", "count": 18}, {"item": "5376869", "count": 17}, {"item": "4002693", "count": 16}, {"item": "1374176", "count": 15}, {"item": "5529128", "count": 14}, {"item": "4103768", "count": 13}, {"item": "1425360", "count": 12}, {"item": "5642080", "count": 11}, {"item": "4180718", "count": 10}, {"item": "1461362", "count": 9}, {"item": "381699", "count": 8}, {"item": "118527", "count": 7}, {"item": "263172", "count": 6}, {"item": "420120", "count": 5}, {"item": "130387", "count": 4}, {"item": "289733", "count": 3}, {"item": "462746", "count": 2}, {"item": "143069", "count": 1}], "smallest": "55536", "sum": "1406169528180"}, "format": {}}, {"id": 315814997, "name": "Expected Deaths", "dataTypeName": "number", "fieldName": "expected_deaths", "position": 11, "renderTypeName": "number", "tableColumnId": 42769168, "width": 280, "cachedContents": {"largest": "465126", "non_null": 195708, "average": "2112.863091953318", "null": 10212, "top": [{"item": "79", "count": 20}, {"item": "25", "count": 19}, {"item": "28", "count": 18}, {"item": "32", "count": 17}, {"item": "96", "count": 16}, {"item": "29", "count": 15}, {"item": "67", "count": 14}, {"item": "111", "count": 13}, {"item": "34", "count": 12}, {"item": "36", "count": 11}, {"item": "82", "count": 10}, {"item": "137", "count": 9}, {"item": "42", "count": 8}], "smallest": "2", "sum": "413504210"}, "format": {"precisionStyle": "standard", "noCommas": "false", "precision": "0", "align": "right"}}, {"id": 315814998, "name": "Potentially Excess Deaths", "dataTypeName": "number", "fieldName": "potentially_excess_deaths", "position": 12, "renderTypeName": "number", "tableColumnId": 42769170, "width": 400, "cachedContents": {"largest": "175703", "non_null": 195708, "average": "875.1210425736301", "null": 10212, "top": [{"item": "43", "count": 20}, {"item": "49", "count": 19}, {"item": "148", "count": 18}, {"item": "55", "count": 17}, {"item": "158", "count": 16}, {"item": "239", "count": 15}, {"item": "59", "count": 14}, {"item": "180", "count": 13}, {"item": "234", "count": 12}, {"item": "57", "count": 11}, {"item": "177", "count": 10}, {"item": "215", "count": 9}, {"item": "51", "count": 8}, {"item": "163", "count": 7}], "smallest": "0", "sum": "171268189"}, "format": {"precisionStyle": "standard", "noCommas": "false", "precision": "0", "align": "right"}}, {"id": 315815950, "name": "Percent Potentially Excess Deaths", "dataTypeName": "number", "fieldName": "percent_potentially_excess_deaths", "position": 13, "renderTypeName": "number", "tableColumnId": 51945058, "width": 100, "cachedContents": {"largest": "85.30", "non_null": 195708, "average": "35.72836879432624", "null": 10212, "top": [{"item": "68.40", "count": 20}, {"item": "69.80", "count": 19}, {"item": "64.00", "count": 18}, {"item": "71.50", "count": 17}, {"item": "65.20", "count": 16}, {"item": "66.30", "count": 15}, {"item": "63.40", "count": 14}, {"item": "69.50", "count": 13}, {"item": "66.50", "count": 12}, {"item": "61.30", "count": 11}, {"item": "68.30", "count": 10}, {"item": "61.10", "count": 9}, {"item": "54.80", "count": 8}, {"item": "62.90", "count": 7}], "smallest": "0.00", "sum": "6992327.60"}, "format": {"precisionStyle": "percentage", "percentScale": "100", "view": "percent_bar_and_text"}}], "grants": [{"inherited": false, "type": "viewer", "flags": ["public"]}], "license": {"name": "Public Domain"}, "metadata": {"rdfSubject": "0", "rdfClass": "", "custom_fields": {"Common Core": {"Contact Email": "nchsdata@cdc.gov", "Contact Name": "National Center for Health Statistics", "Program Code": "009:020", "Publisher": "National Center for Health Statistics", "Bureau Code": "009:00"}}, "rowIdentifier": "0", "availableDisplayTypes": ["table", "fatrow", "page"], "rowLabel": "", "renderTypeConfig": {"visible": {"table": true}}}, "owner": {"id": "ki96-txhe", "displayName": "NCHS", "profileImageUrlLarge": "/api/users/ki96-txhe/profile_images/LARGE", "profileImageUrlMedium": "/api/users/ki96-txhe/profile_images/THUMB", "profileImageUrlSmall": "/api/users/ki96-txhe/profile_images/TINY", "screenName": "NCHS", "type": "interactive", "userSegment": "site_member", "flags": ["acceptedEula", "mayBeStoriesCoOwner"]}, "query": {}, "rights": ["read"], "tableAuthor": {"id": "ki96-txhe", "displayName": "NCHS", "profileImageUrlLarge": "/api/users/ki96-txhe/profile_images/LARGE", "profileImageUrlMedium": "/api/users/ki96-txhe/profile_images/THUMB", "profileImageUrlSmall": "/api/users/ki96-txhe/profile_images/TINY", "screenName": "NCHS", "type": "interactive", "userSegment": "site_member", "flags": ["acceptedEula", "mayBeStoriesCoOwner"]}, "tags": ["heart disease", "cancer", "unintentional injury", "chronic lower respiratory disease", "stroke"], "flags": ["default", "restorable", "restorePossibleForType"]}