{"id": "mc4y-cbbv", "name": "NCHS - Top Five Leading Causes of Death: United States, 1990, 1950, 2000", "attribution": "National Center for Health Statistics", "averageRating": 0, "category": "NCHS", "createdAt": 1436903412, "description": "This dataset contains information on the number of deaths and age-adjusted death rates for the five leading causes of death in 1900, 1950, and 2000.\n\nAge-adjusted death rates (deaths per 100,000) after 1998 are calculated based on the 2000 U.S. standard population. Populations used for computing death rates for 2011\u20132017 are postcensal estimates based on the 2010 census, estimated as of July 1, 2010. Rates for census years are based on populations enumerated in the corresponding censuses. Rates for noncensus years between 2000 and 2010 are revised using updated intercensal population estimates and may differ from rates previously published. Data on age-adjusted death rates prior to 1999 are taken from historical data (see References below).\n\nSOURCES\n\nCDC/NCHS, National Vital Statistics System, historical data, 1900-1998 (see https://www.cdc.gov/nchs/nvss/mortality_historical_data.htm); CDC/NCHS, National Vital Statistics System, mortality data (see http://www.cdc.gov/nchs/deaths.htm); and CDC WONDER (see http://wonder.cdc.gov).\n\nREFERENCES\n\n1. National Center for Health Statistics, Data Warehouse. Comparability of cause-of-death between ICD revisions. 2008. Available from: http://www.cdc.gov/nchs/nvss/mortality/comparability_icd.htm.\n\n2. National Center for Health Statistics. Vital statistics data available. Mortality multiple cause files. Hyattsville, MD: National Center for Health Statistics. Available from: https://www.cdc.gov/nchs/data_access/vitalstatsonline.htm.\n\n3. Kochanek KD, Murphy SL, Xu JQ, Arias E. Deaths: Final data for 2017. National Vital Statistics Reports; vol 68 no 9. Hyattsville, MD: National Center for Health Statistics. 2019. Available from: https://www.cdc.gov/nchs/data/nvsr/nvsr68/nvsr68_09-508.pdf.\n\n4. Arias E, Xu JQ. United States life tables, 2017. National Vital Statistics Reports; vol 68 no 7. Hyattsville, MD: National Center for Health Statistics. 2019. Available from: https://www.cdc.gov/nchs/data/nvsr/nvsr68/nvsr68_07-508.pdf.\n\n5. National Center for Health Statistics. Historical Data, 1900-1998. 2009. Available from: https://www.cdc.gov/nchs/nvss/mortality_historical_data.htm.", "displayType": "table", "downloadCount": 11746, "hideFromCatalog": false, "hideFromDataJson": false, "indexUpdatedAt": 1528117871, "licenseId": "USGOV_WORKS", "newBackend": true, "numberOfComments": 0, "oid": 26694248, "provenance": "official", "publicationAppendEnabled": false, "publicationDate": 1504108621, "publicationGroup": 3555348, "publicationStage": "published", "rowClass": "", "rowsUpdatedAt": 1570576507, "rowsUpdatedBy": "ki96-txhe", "tableId": 14432302, "totalTimesRated": 0, "viewCount": 4560, "viewLastModified": 1570581283, "viewType": "tabular", "approvals": [{"reviewedAt": 1504108621, "reviewedAutomatically": true, "state": "approved", "submissionId": 740923, "submissionObject": "public_audience_request", "submissionOutcome": "change_audience", "submittedAt": 1504108621, "workflowId": 2100, "submissionDetails": {"permissionType": "READ"}, "submissionOutcomeApplication": {"failureCount": 0, "status": "success"}, "submitter": {"id": "ki96-txhe", "displayName": "NCHS"}}], "columns": [{"id": 318018021, "name": "Year", "dataTypeName": "number", "fieldName": "year", "position": 1, "renderTypeName": "number", "tableColumnId": 29761646, "width": 148, "cachedContents": {"largest": "2000", "non_null": 15, "average": "1950", "null": "0", "top": [{"item": "1900", "count": "5"}, {"item": "2000", "count": "5"}, {"item": "1950", "count": "5"}], "smallest": "1900", "not_null": "15", "sum": "29250", "cardinality": "3"}, "format": {"precisionStyle": "standard", "noCommas": "true", "align": "right"}}, {"id": 318018020, "name": "Cause", "dataTypeName": "text", "fieldName": "leading_causes", "position": 2, "renderTypeName": "text", "tableColumnId": 29761645, "width": 268, "cachedContents": {"largest": "Vascular Lesions", "non_null": 15, "null": "0", "top": [{"item": "Heart Disease", "count": "3"}, {"item": "Accidents", "count": "2"}, {"item": "Stroke", "count": "2"}, {"item": "Cancer", "count": "2"}, {"item": "Chronic Respiratory Diseases", "count": "1"}, {"item": "Diarrhea/Enteritis/Ulcerative Colitis", "count": "1"}, {"item": "Influenza and Pneumonia", "count": "1"}, {"item": "Vascular Lesions", "count": "1"}, {"item": "Certain Diseases of Infancy", "count": "1"}, {"item": "Tuberculosis", "count": "1"}], "smallest": "Accidents", "not_null": "15", "cardinality": "10"}, "format": {"displayStyle": "plain", "align": "left"}}, {"id": 318018022, "name": "Number of Deaths", "dataTypeName": "number", "fieldName": "number_of_deaths", "position": 3, "renderTypeName": "number", "tableColumnId": 29761647, "width": 292, "cachedContents": {"largest": "710760", "non_null": 15, "average": "190886.7333333333", "null": "0", "top": [{"item": "535705", "count": "1"}, {"item": "710760", "count": "1"}, {"item": "167661", "count": "1"}, {"item": "122009", "count": "1"}, {"item": "97900", "count": "1"}, {"item": "27427", "count": "1"}, {"item": "91249", "count": "1"}, {"item": "60989", "count": "1"}, {"item": "40362", "count": "1"}, {"item": "210733", "count": "1"}, {"item": "156751", "count": "1"}, {"item": "553091", "count": "1"}, {"item": "38820", "count": "1"}, {"item": "28491", "count": "1"}, {"item": "21353", "count": "1"}], "smallest": "21353", "not_null": "15", "sum": "2863301", "cardinality": "15"}, "format": {}}], "grants": [{"inherited": false, "type": "viewer", "flags": ["public"]}], "license": {"name": "Public Domain U.S. Government", "termsLink": "https://www.usa.gov/government-works"}, "metadata": {"rdfSubject": "0", "rdfClass": "", "custom_fields": {"Common Core": {"Contact Email": "cdcinfo@cdc.gov", "Contact Name": "National Center for Health Statistics", "Program Code": "009:020", "Publisher": "National Center for Health Statistics", "Bureau Code": "009:00"}}, "rowLabel": "Leading Cause of Death", "availableDisplayTypes": ["table", "fatrow", "page"], "renderTypeConfig": {"visible": {"table": true}}}, "owner": {"id": "ki96-txhe", "displayName": "NCHS", "profileImageUrlLarge": "/api/users/ki96-txhe/profile_images/LARGE", "profileImageUrlMedium": "/api/users/ki96-txhe/profile_images/THUMB", "profileImageUrlSmall": "/api/users/ki96-txhe/profile_images/TINY", "screenName": "NCHS", "type": "interactive", "userSegment": "site_member", "flags": ["acceptedEula", "mayBeStoriesCoOwner"]}, "query": {}, "rights": ["read"], "tableAuthor": {"id": "ki96-txhe", "displayName": "NCHS", "profileImageUrlLarge": "/api/users/ki96-txhe/profile_images/LARGE", "profileImageUrlMedium": "/api/users/ki96-txhe/profile_images/THUMB", "profileImageUrlSmall": "/api/users/ki96-txhe/profile_images/TINY", "screenName": "NCHS", "type": "interactive", "userSegment": "site_member", "flags": ["acceptedEula", "mayBeStoriesCoOwner"]}, "tags": ["cause of death", "mortality", "united states", "nchs"], "flags": ["default", "restorable", "restorePossibleForType"]}