{"id": "6rkc-nb2q", "name": "NCHS - Age-adjusted Death Rates for Selected Major Causes of Death", "attribution": "National Center for Health Statistics", "averageRating": 0, "category": "NCHS", "createdAt": 1436903171, "description": "This dataset of U.S. mortality trends since 1900 highlights trends in age-adjusted death rates for five selected major causes of death.\n\nAge-adjusted death rates (deaths per 100,000) after 1998 are calculated based on the 2000 U.S. standard population. Populations used for computing death rates for 2011\u20132017 are postcensal estimates based on the 2010 census, estimated as of July 1, 2010. Rates for census years are based on populations enumerated in the corresponding censuses. Rates for noncensus years between 2000 and 2010 are revised using updated intercensal population estimates and may differ from rates previously published. Data on age-adjusted death rates prior to 1999 are taken from historical data (see References below).\n\nRevisions to the International Classification of Diseases (ICD) over time may result in discontinuities in cause-of-death trends.\n\nSOURCES\n\nCDC/NCHS, National Vital Statistics System, historical data, 1900-1998 (see https://www.cdc.gov/nchs/nvss/mortality_historical_data.htm); CDC/NCHS, National Vital Statistics System, mortality data (see http://www.cdc.gov/nchs/deaths.htm); and CDC WONDER (see http://wonder.cdc.gov).\n\nREFERENCES\n\n1. National Center for Health Statistics, Data Warehouse. Comparability of cause-of-death between ICD revisions. 2008. Available from: http://www.cdc.gov/nchs/nvss/mortality/comparability_icd.htm.\n\n2. National Center for Health Statistics. Vital statistics data available. Mortality multiple cause files. Hyattsville, MD: National Center for Health Statistics. Available from: https://www.cdc.gov/nchs/data_access/vitalstatsonline.htm.\n\n3. Kochanek KD, Murphy SL, Xu JQ, Arias E. Deaths: Final data for 2017. National Vital Statistics Reports; vol 68 no 9. Hyattsville, MD: National Center for Health Statistics. 2019. Available from: https://www.cdc.gov/nchs/data/nvsr/nvsr68/nvsr68_09-508.pdf.\n\n4. Arias E, Xu JQ. United States life tables, 2017. National Vital Statistics Reports; vol 68 no 7. Hyattsville, MD: National Center for Health Statistics. 2019. Available from: https://www.cdc.gov/nchs/data/nvsr/nvsr68/nvsr68_07-508.pdf.\n\n5. National Center for Health Statistics. Historical Data, 1900-1998. 2009. Available from: https://www.cdc.gov/nchs/nvss/mortality_historical_data.htm.", "displayType": "table", "downloadCount": 14248, "hideFromCatalog": false, "hideFromDataJson": false, "indexUpdatedAt": 1528117731, "licenseId": "USGOV_WORKS", "newBackend": true, "numberOfComments": 0, "oid": 26694240, "provenance": "official", "publicationAppendEnabled": false, "publicationDate": 1504108075, "publicationGroup": 3555315, "publicationStage": "published", "rowClass": "", "rowsUpdatedAt": 1570578502, "rowsUpdatedBy": "ki96-txhe", "tableId": 14432297, "totalTimesRated": 0, "viewCount": 3466, "viewLastModified": 1570581169, "viewType": "tabular", "approvals": [{"reviewedAt": 1504108075, "reviewedAutomatically": true, "state": "approved", "submissionId": 740922, "submissionObject": "public_audience_request", "submissionOutcome": "change_audience", "submittedAt": 1504108075, "workflowId": 2100, "submissionDetails": {"permissionType": "READ"}, "submissionOutcomeApplication": {"failureCount": 0, "status": "success"}, "submitter": {"id": "ki96-txhe", "displayName": "NCHS"}}], "columns": [{"id": 318017912, "name": "Year", "dataTypeName": "number", "fieldName": "year", "position": 1, "renderTypeName": "number", "tableColumnId": 29761583, "width": 148, "cachedContents": {"largest": "2017", "non_null": 580, "average": "1957.5", "null": "0", "top": [{"item": "1900", "count": "10"}, {"item": "2000", "count": "10"}, {"item": "1950", "count": "10"}, {"item": "2005", "count": "5"}, {"item": "1914", "count": "5"}, {"item": "1947", "count": "5"}, {"item": "1948", "count": "5"}, {"item": "1957", "count": "5"}, {"item": "1973", "count": "5"}, {"item": "1983", "count": "5"}, {"item": "2002", "count": "5"}, {"item": "1945", "count": "5"}, {"item": "1904", "count": "5"}, {"item": "1992", "count": "5"}, {"item": "1971", "count": "5"}, {"item": "1965", "count": "5"}, {"item": "2017", "count": "5"}, {"item": "1964", "count": "5"}, {"item": "1985", "count": "5"}, {"item": "1932", "count": "5"}], "smallest": "1900", "not_null": "605", "sum": "1135350", "cardinality": "118"}, "format": {"precisionStyle": "standard", "noCommas": "true", "align": "right"}}, {"id": 318017911, "name": "Cause", "dataTypeName": "text", "description": "Selected Major Cause of Death", "fieldName": "leading_causes", "position": 2, "renderTypeName": "text", "tableColumnId": 29761582, "width": 268, "cachedContents": {"largest": "Vascular Lesions", "non_null": 580, "null": "0", "top": [{"item": "Heart Disease", "count": "121"}, {"item": "Accidents", "count": "120"}, {"item": "Stroke", "count": "120"}, {"item": "Cancer", "count": "120"}, {"item": "Influenza and Pneumonia", "count": "119"}, {"item": "Chronic Respiratory Diseases", "count": "1"}, {"item": "Certain Diseases of Infancy", "count": "1"}, {"item": "Vascular Lesions", "count": "1"}, {"item": "Diarrhea/Enteritis/Ulcerative Colitis", "count": "1"}, {"item": "Tuberculosis", "count": "1"}], "smallest": "Accidents", "not_null": "605", "cardinality": "10"}, "format": {"displayStyle": "plain", "align": "left"}}, {"id": 318017913, "name": "Age Adjusted Death Rate", "dataTypeName": "number", "fieldName": "age_adjusted_death_rate", "position": 3, "renderTypeName": "number", "tableColumnId": 29761584, "width": 376, "cachedContents": {"largest": "710760", "non_null": 580, "average": "181.9451724137931", "null": "0", "top": [{"item": "39.1", "count": "4"}, {"item": "34.5", "count": "4"}, {"item": "34.9", "count": "3"}, {"item": "69.9", "count": "3"}, {"item": "36.2", "count": "3"}, {"item": "37.6", "count": "3"}, {"item": "47.4", "count": "3"}, {"item": "193.9", "count": "3"}, {"item": "34.2", "count": "3"}, {"item": "366.2", "count": "2"}, {"item": "211.7", "count": "2"}, {"item": "167", "count": "2"}, {"item": "195.6", "count": "2"}, {"item": "38.8", "count": "2"}, {"item": "196.5", "count": "2"}, {"item": "15.1", "count": "2"}, {"item": "213.5", "count": "2"}, {"item": "61.6", "count": "2"}, {"item": "192", "count": "2"}, {"item": "74.9", "count": "2"}], "smallest": "13.5", "not_null": "605", "sum": "105528.2", "cardinality": "550"}, "format": {"precisionStyle": "standard", "noCommas": "false", "precision": "1", "align": "right"}}], "grants": [{"inherited": false, "type": "viewer", "flags": ["public"]}], "license": {"name": "Public Domain U.S. Government", "termsLink": "https://www.usa.gov/government-works"}, "metadata": {"rdfSubject": "0", "rdfClass": "", "custom_fields": {"Common Core": {"Contact Email": "cdcinfo@cdc.gov", "Contact Name": "National Center for Health Statistics", "Program Code": "009:020", "Publisher": "National Center for Health Statistics", "Bureau Code": "009:00"}}, "rowLabel": "Selected Major Cause of Death", "availableDisplayTypes": ["table", "fatrow", "page"], "renderTypeConfig": {"visible": {"table": true}}}, "owner": {"id": "ki96-txhe", "displayName": "NCHS", "profileImageUrlLarge": "/api/users/ki96-txhe/profile_images/LARGE", "profileImageUrlMedium": "/api/users/ki96-txhe/profile_images/THUMB", "profileImageUrlSmall": "/api/users/ki96-txhe/profile_images/TINY", "screenName": "NCHS", "type": "interactive", "userSegment": "site_member", "flags": ["acceptedEula", "mayBeStoriesCoOwner"]}, "query": {}, "rights": ["read"], "tableAuthor": {"id": "ki96-txhe", "displayName": "NCHS", "profileImageUrlLarge": "/api/users/ki96-txhe/profile_images/LARGE", "profileImageUrlMedium": "/api/users/ki96-txhe/profile_images/THUMB", "profileImageUrlSmall": "/api/users/ki96-txhe/profile_images/TINY", "screenName": "NCHS", "type": "interactive", "userSegment": "site_member", "flags": ["acceptedEula", "mayBeStoriesCoOwner"]}, "tags": ["age-adjusted death rate", "cause of death", "mortality united states", "nchs"], "flags": ["default", "restorable", "restorePossibleForType"]}