{"id": "w9j2-ggv5", "name": "NCHS - Death rates and life expectancy at birth", "attribution": "National Center for Health Statistics", "averageRating": 0, "category": "NCHS", "createdAt": 1436463600, "description": "This dataset of U.S. mortality trends since 1900 highlights the differences in age-adjusted death rates and life expectancy at birth by race and sex.\n\nAge-adjusted death rates (deaths per 100,000) after 1998 are calculated based on the 2000 U.S. standard population. Populations used for computing death rates for 2011\u20132017 are postcensal estimates based on the 2010 census, estimated as of July 1, 2010. Rates for census years are based on populations enumerated in the corresponding censuses. Rates for noncensus years between 2000 and 2010 are revised using updated intercensal population estimates and may differ from rates previously published. Data on age-adjusted death rates prior to 1999 are taken from historical data (see References below).\n\nLife expectancy data are available up to 2017. Due to changes in categories of race used in publications, data are not available for the black population consistently before 1968, and not at all before 1960. More information on historical data on age-adjusted death rates is available at https://www.cdc.gov/nchs/nvss/mortality/hist293.htm.\n\nSOURCES\n\nCDC/NCHS, National Vital Statistics System, historical data, 1900-1998 (see https://www.cdc.gov/nchs/nvss/mortality_historical_data.htm); CDC/NCHS, National Vital Statistics System, mortality data (see http://www.cdc.gov/nchs/deaths.htm); and CDC WONDER (see http://wonder.cdc.gov).\n\nREFERENCES\n\n1. National Center for Health Statistics, Data Warehouse. Comparability of cause-of-death between ICD revisions. 2008. Available from: http://www.cdc.gov/nchs/nvss/mortality/comparability_icd.htm.\n\n2. National Center for Health Statistics. Vital statistics data available. Mortality multiple cause files. Hyattsville, MD: National Center for Health Statistics. Available from: https://www.cdc.gov/nchs/data_access/vitalstatsonline.htm.\n\n3. Kochanek KD, Murphy SL, Xu JQ, Arias E. Deaths: Final data for 2017. National Vital Statistics Reports; vol 68 no 9. Hyattsville, MD: National Center for Health Statistics. 2019. Available from: https://www.cdc.gov/nchs/data/nvsr/nvsr68/nvsr68_09-508.pdf.\n\n4. Arias E, Xu JQ. United States life tables, 2017. National Vital Statistics Reports; vol 68 no 7. Hyattsville, MD: National Center for Health Statistics. 2019. Available from: https://www.cdc.gov/nchs/data/nvsr/nvsr68/nvsr68_07-508.pdf.\n\n5. National Center for Health Statistics. Historical Data, 1900-1998. 2009. Available from: https://www.cdc.gov/nchs/nvss/mortality_historical_data.htm.", "displayType": "table", "downloadCount": 61937, "hideFromCatalog": false, "hideFromDataJson": false, "indexUpdatedAt": 1528117254, "licenseId": "PUBLIC_DOMAIN", "newBackend": true, "numberOfComments": 0, "oid": 26694138, "provenance": "official", "publicationAppendEnabled": false, "publicationDate": 1504105286, "publicationGroup": 3466916, "publicationStage": "published", "rowClass": "", "rowsUpdatedAt": 1570577236, "rowsUpdatedBy": "ki96-txhe", "tableId": 14432238, "totalTimesRated": 0, "viewCount": 13697, "viewLastModified": 1570580972, "viewType": "tabular", "approvals": [{"reviewedAt": 1504105286, "reviewedAutomatically": true, "state": "approved", "submissionId": 740919, "submissionObject": "public_audience_request", "submissionOutcome": "change_audience", "submittedAt": 1504105286, "workflowId": 2100, "submissionDetails": {"permissionType": "READ"}, "submissionOutcomeApplication": {"failureCount": 0, "status": "success"}, "submitter": {"id": "ki96-txhe", "displayName": "NCHS"}}], "columns": [{"id": 318015785, "name": "Year", "dataTypeName": "number", "fieldName": "year", "position": 1, "renderTypeName": "number", "tableColumnId": 29634418, "width": 148, "cachedContents": {"largest": "2017", "non_null": 1044, "average": "1957.5", "null": "0", "top": [{"item": "1990", "count": "9"}, {"item": "2014", "count": "9"}, {"item": "1929", "count": "9"}, {"item": "2005", "count": "9"}, {"item": "1914", "count": "9"}, {"item": "1947", "count": "9"}, {"item": "1948", "count": "9"}, {"item": "1957", "count": "9"}, {"item": "1973", "count": "9"}, {"item": "1983", "count": "9"}, {"item": "2002", "count": "9"}, {"item": "1945", "count": "9"}, {"item": "1904", "count": "9"}, {"item": "1992", "count": "9"}, {"item": "1971", "count": "9"}, {"item": "1965", "count": "9"}, {"item": "2017", "count": "9"}, {"item": "1964", "count": "9"}, {"item": "1985", "count": "9"}, {"item": "1932", "count": "9"}], "smallest": "1900", "not_null": "1062", "sum": "2043630", "cardinality": "118"}, "format": {"precisionStyle": "standard", "noCommas": "true", "align": "right"}}, {"id": 318015783, "name": "Race", "dataTypeName": "text", "fieldName": "race", "position": 2, "renderTypeName": "text", "tableColumnId": 29634416, "width": 148, "cachedContents": {"largest": "White", "non_null": 1044, "null": "0", "top": [{"item": "All Races", "count": "354"}, {"item": "Black", "count": "354"}, {"item": "White", "count": "354"}], "smallest": "All Races", "not_null": "1062", "cardinality": "3"}, "format": {}}, {"id": 318015784, "name": "Sex", "dataTypeName": "text", "fieldName": "sex", "position": 3, "renderTypeName": "text", "tableColumnId": 29634417, "width": 136, "cachedContents": {"largest": "Male", "non_null": 1044, "null": "0", "top": [{"item": "Female", "count": "354"}, {"item": "Both Sexes", "count": "354"}, {"item": "Male", "count": "354"}], "smallest": "Both Sexes", "not_null": "1062", "cardinality": "3"}, "format": {}}, {"id": 318015786, "name": "Average Life Expectancy (Years)", "dataTypeName": "number", "fieldName": "average_life_expectancy", "position": 4, "renderTypeName": "number", "tableColumnId": 29634419, "width": 376, "cachedContents": {"largest": "81.4", "non_null": 1035, "average": "64.11729468599034", "null": "0", "top": [{"item": "66.8", "count": "11"}, {"item": "71.1", "count": "9"}, {"item": "74.7", "count": "9"}, {"item": "73.9", "count": "9"}, {"item": "69.5", "count": "8"}, {"item": "75.5", "count": "8"}, {"item": "78.7", "count": "8"}, {"item": "78.9", "count": "8"}, {"item": "75.3", "count": "8"}, {"item": "72.0", "count": "8"}, {"item": "71.4", "count": "8"}, {"item": "66.6", "count": "8"}, {"item": "78.5", "count": "7"}, {"item": "73.4", "count": "7"}, {"item": "72.2", "count": "7"}, {"item": "52.5", "count": "7"}, {"item": "78.8", "count": "7"}, {"item": "70.2", "count": "7"}, {"item": "64.5", "count": "7"}, {"item": "76.7", "count": "7"}], "smallest": "29.1", "not_null": "1062", "sum": "66361.4", "cardinality": "379"}, "format": {"precisionStyle": "standard", "noCommas": "false", "precision": "1", "align": "right"}}, {"id": 318015787, "name": "Age-adjusted Death Rate", "dataTypeName": "number", "fieldName": "mortality", "position": 5, "renderTypeName": "number", "tableColumnId": 29634420, "width": 208, "cachedContents": {"largest": "3845.7", "non_null": 1044, "average": "1614.076819923372", "null": "0", "top": [{"item": "1570.4", "count": "2"}, {"item": "723.9", "count": "2"}, {"item": "907.1", "count": "2"}, {"item": "1766.9", "count": "2"}, {"item": "1391.1", "count": "2"}, {"item": "1532.0", "count": "2"}, {"item": "1726.6", "count": "2"}, {"item": "1556.8", "count": "2"}, {"item": "1109.7", "count": "2"}, {"item": "713.3", "count": "2"}, {"item": "2087.0", "count": "2"}, {"item": "855.1", "count": "2"}, {"item": "731.9", "count": "2"}, {"item": "925.8", "count": "2"}, {"item": "725.3", "count": "2"}, {"item": "1309.0", "count": "2"}, {"item": "1332.5", "count": "2"}, {"item": "1580.0", "count": "2"}, {"item": "1049.5", "count": "2"}, {"item": "2254.1", "count": "2"}], "smallest": "616.7", "not_null": "1062", "sum": "1685096.2", "cardinality": "1032"}, "format": {"precisionStyle": "standard", "noCommas": "false", "precision": "1", "align": "right"}}], "grants": [{"inherited": false, "type": "viewer", "flags": ["public"]}], "license": {"name": "Public Domain"}, "metadata": {"rdfSubject": "0", "rdfClass": "", "custom_fields": {"Common Core": {"Contact Email": "cdcinfo@cdc.gov", "Contact Name": "National Center for Health Statistics", "Program Code": "009:020", "Publisher": "National Center for Health Statistics", "Bureau Code": "009:00"}}, "rowLabel": "Population", "availableDisplayTypes": ["table", "fatrow", "page"], "renderTypeConfig": {"visible": {"table": true}}}, "owner": {"id": "ki96-txhe", "displayName": "NCHS", "profileImageUrlLarge": "/api/users/ki96-txhe/profile_images/LARGE", "profileImageUrlMedium": "/api/users/ki96-txhe/profile_images/THUMB", "profileImageUrlSmall": "/api/users/ki96-txhe/profile_images/TINY", "screenName": "NCHS", "type": "interactive", "userSegment": "site_member", "flags": ["acceptedEula", "mayBeStoriesCoOwner"]}, "query": {}, "rights": ["read"], "tableAuthor": {"id": "ki96-txhe", "displayName": "NCHS", "profileImageUrlLarge": "/api/users/ki96-txhe/profile_images/LARGE", "profileImageUrlMedium": "/api/users/ki96-txhe/profile_images/THUMB", "profileImageUrlSmall": "/api/users/ki96-txhe/profile_images/TINY", "screenName": "NCHS", "type": "interactive", "userSegment": "site_member", "flags": ["acceptedEula", "mayBeStoriesCoOwner"]}, "tags": ["death rates", "life expectancy", "mortality", "united states", "nchs"], "flags": ["default", "restorable", "restorePossibleForType"]}